age,income,loan_amount,default
-1.355815361366601,-0.5276448530110863,-1.2814232144554953,0
0.0,0.22613350843332272,-0.5276448530110863,0
0.8134892168199607,-0.15075567228888181,0.22613350843332272,1
-0.8134892168199607,-1.2814232144554953,-0.15075567228888181,0
1.355815361366601,1.7336902313221407,1.7336902313221407,1
